{"Eval|hits@10": 56.64556962025317, "Eval|hits@3": 50.210970464135016, "Eval|hits@1": 46.729957805907176, "Eval|mr": 234.61708860759492, "Eval|mrr": 0.49697262075380755, "_timestamp": 1682581261.346378, "_runtime": 50.228904008865356, "_step": 15, "Test|hits@10": 58.86075949367089, "Test|hits@3": 54.11392405063291, "Test|hits@1": 52.109704641350206, "Test|mr": 226.22362869198312, "Test|mrr": 0.5419150758536232, "_wandb": {"runtime": 44}}