{"Eval|hits@10": 49.57805907172996, "Eval|hits@3": 45.9915611814346, "Eval|hits@1": 25.0, "Eval|mr": 391.5611814345992, "Eval|mrr": 0.3637125207454167, "_timestamp": 1682580937.4353952, "_runtime": 52.17123222351074, "_step": 19, "Test|hits@10": 54.43037974683544, "Test|hits@3": 51.0548523206751, "Test|hits@1": 27.953586497890292, "Test|mr": 350.8976793248945, "Test|mrr": 0.403909386701479, "_wandb": {"runtime": 46}}