{"Eval|hits@10": 51.58227848101266, "Eval|mrr": 0.47225045285335787, "_timestamp": 1682580326.0771039, "_runtime": 68.32919478416443, "_step": 9, "_wandb": {"runtime": 65}}