{"Eval|hits@10": 57.70042194092827, "Eval|mrr": 0.5025405992694607, "_timestamp": 1682580551.8097653, "_runtime": 64.39275527000427, "_step": 9, "_wandb": {"runtime": 62}}