{"Eval|hits@10": 50.42194092827004, "Eval|hits@3": 47.151898734177216, "Eval|hits@1": 45.56962025316456, "Eval|mr": 431.3892405063291, "Eval|mrr": 0.47133699100557086, "_timestamp": 1682581098.4270346, "_runtime": 49.73137068748474, "_step": 14, "Test|hits@10": 54.43037974683544, "Test|hits@3": 52.53164556962025, "Test|hits@1": 50.527426160337555, "Test|mr": 390.90506329113924, "Test|mrr": 0.5201473035988451, "_wandb": {"runtime": 43}}