{"Eval|hits@10": 59.38818565400844, "Eval|hits@3": 51.89873417721519, "Eval|hits@1": 47.89029535864979, "Eval|mr": 155.4409282700422, "Eval|mrr": 0.5116881812462761, "_timestamp": 1682580775.3794622, "_runtime": 67.95607614517212, "_step": 13, "Test|hits@10": 60.44303797468354, "Test|hits@3": 55.907172995780584, "Test|hits@1": 52.742616033755276, "Test|mr": 155.7120253164557, "Test|mrr": 0.551399040680774, "_wandb": {"runtime": 62}}